algorithm,n_clusters,n_noise,silhouette,davies_bouldin,calinski_harabasz,bic,aic
KMeans(k=2),2,0,0.43742923739745804,0.8734007924347054,6018.076537844498,,
DBSCAN,1,29,,,,,
GMM(k=2),2,0,0.3093712514043784,0.9774900108219323,3232.2338015583828,36452.0621919803,36325.82950097566
AE+KMeans(k=2),2,0,0.5737317800521851,0.6216151609895096,11748.259765625,,
