model,accuracy,precision,recall,f1,roc_auc,cv_f1_mean,cv_f1_std,score,rank
XGBoost,0.8851,0.7152,0.8986,0.7965,0.9524,0.894,0.0086,0.87445,1
MLP,0.8647,0.6653,0.9239,0.7736,0.9563,0.8763,0.0061,0.86495,2
RandomForest,0.8746,0.7196,0.8169,0.7652,0.9309,0.8912,0.0045,0.84805,3
